epoch,eval_loss,step,train_loss
0.0,0.6110000014305115,316,0.7789999842643738
1.0,0.5770000219345093,633,0.6430000066757202
2.0,0.5590000152587891,950,0.6100000143051147
