epoch,eval_loss,step,train_loss
0.0,2.555999994277954,3,1.7829999923706055
