epoch,eval_loss,step,train_loss
0.0,5.88700008392334,3,2.4210000038146973
