epoch,eval_loss,step,train_loss
0.0,2.6070001125335693,3,1.4390000104904175
