epoch,eval_loss,step,train_loss
0.0,5.041999816894531,3,0.9100000262260437
