epoch,eval_loss,step,train_loss
0.0,4.822999954223633,3,1.3830000162124634
